-- MySQL dump 10.13  Distrib 8.0.21, for macos10.15 (x86_64)
--
-- Host: localhost    Database: match_maker
-- ------------------------------------------------------
-- Server version	8.0.21

/*!40101 SET @OLD_CHARACTER_SET_CLIENT=@@CHARACTER_SET_CLIENT */;
/*!40101 SET @OLD_CHARACTER_SET_RESULTS=@@CHARACTER_SET_RESULTS */;
/*!40101 SET @OLD_COLLATION_CONNECTION=@@COLLATION_CONNECTION */;
/*!50503 SET NAMES utf8 */;
/*!40103 SET @OLD_TIME_ZONE=@@TIME_ZONE */;
/*!40103 SET TIME_ZONE='+00:00' */;
/*!40014 SET @OLD_UNIQUE_CHECKS=@@UNIQUE_CHECKS, UNIQUE_CHECKS=0 */;
/*!40014 SET @OLD_FOREIGN_KEY_CHECKS=@@FOREIGN_KEY_CHECKS, FOREIGN_KEY_CHECKS=0 */;
/*!40101 SET @OLD_SQL_MODE=@@SQL_MODE, SQL_MODE='NO_AUTO_VALUE_ON_ZERO' */;
/*!40111 SET @OLD_SQL_NOTES=@@SQL_NOTES, SQL_NOTES=0 */;

--
-- Table structure for table `game_modes`
--

DROP TABLE IF EXISTS `game_modes`;
/*!40101 SET @saved_cs_client     = @@character_set_client */;
/*!50503 SET character_set_client = utf8mb4 */;
CREATE TABLE `game_modes` (
  `game_mode_id` int NOT NULL,
  `game_mode` varchar(45) DEFAULT NULL,
  `game_id` int DEFAULT NULL,
  PRIMARY KEY (`game_mode_id`)
) ENGINE=InnoDB DEFAULT CHARSET=utf8mb4 COLLATE=utf8mb4_0900_ai_ci;
/*!40101 SET character_set_client = @saved_cs_client */;

--
-- Dumping data for table `game_modes`
--

LOCK TABLES `game_modes` WRITE;
/*!40000 ALTER TABLE `game_modes` DISABLE KEYS */;
INSERT INTO `game_modes` VALUES (1,'Battle Royale',1),(2,'Party Royale',1),(3,'Creative',1),(4,'Save the World',1),(5,'Assault',2),(6,'Control',2),(7,'Escort',2),(8,'Hybrid',2),(9,'Capture the Flag',2),(10,'Deathmatch',2),(11,'Elimination',2),(12,'Grand Prix',3),(13,'Time Trials',3),(14,'VS Race',3),(15,'Battle',3),(16,'Online',3),(17,'Mario Kart TV',3),(18,'Plunder',4),(19,'Battle Royale',4),(20,'Questing',5),(21,'Dungeons',5),(22,'Player vs Player',5);
/*!40000 ALTER TABLE `game_modes` ENABLE KEYS */;
UNLOCK TABLES;

--
-- Table structure for table `gamers`
--

DROP TABLE IF EXISTS `gamers`;
/*!40101 SET @saved_cs_client     = @@character_set_client */;
/*!50503 SET character_set_client = utf8mb4 */;
CREATE TABLE `gamers` (
  `gamer_id` varchar(10) PRIMARY KEY NOT NULL,
  `gamer_name` varchar(45) DEFAULT NULL,
  `skill_level` varchar(45) DEFAULT NULL,
  `region` varchar(45) DEFAULT NULL,
  `language` varchar(45) DEFAULT NULL,
  `personality_type` varchar(45) DEFAULT NULL,
  `minimum_wait_time` int DEFAULT NULL,
  `preferred_game` varchar(45) DEFAULT NULL,
  `preferred_game_mode` varchar(45) DEFAULT NULL
) ENGINE=InnoDB DEFAULT CHARSET=utf8mb4 COLLATE=utf8mb4_0900_ai_ci;
/*!40101 SET character_set_client = @saved_cs_client */;

--
-- Dumping data for table `gamers`
--

LOCK TABLES `gamers` WRITE;
/*!40000 ALTER TABLE `gamers` DISABLE KEYS */;
/*!40000 ALTER TABLE `gamers` ENABLE KEYS */;
UNLOCK TABLES;

--
-- Table structure for table `games`
--

DROP TABLE IF EXISTS `games`;
/*!40101 SET @saved_cs_client     = @@character_set_client */;
/*!50503 SET character_set_client = utf8mb4 */;
CREATE TABLE `games` (
  `game_id` int NOT NULL,
  `game_name` varchar(45) DEFAULT NULL,
  PRIMARY KEY (`game_id`)
) ENGINE=InnoDB DEFAULT CHARSET=utf8mb4 COLLATE=utf8mb4_0900_ai_ci;
/*!40101 SET character_set_client = @saved_cs_client */;

--
-- Dumping data for table `games`
--

LOCK TABLES `games` WRITE;
/*!40000 ALTER TABLE `games` DISABLE KEYS */;
INSERT INTO `games` VALUES (1,'Fortnite'),(2,'Overwatch'),(3,'Mario Kart 8'),(4,'Warzone'),(5,'World of Warcraft');
/*!40000 ALTER TABLE `games` ENABLE KEYS */;
UNLOCK TABLES;

--
-- Table structure for table `language`
--

DROP TABLE IF EXISTS `language`;
/*!40101 SET @saved_cs_client     = @@character_set_client */;
/*!50503 SET character_set_client = utf8mb4 */;
CREATE TABLE `language` (
  `id` int NOT NULL,
  `language` varchar(45) DEFAULT NULL,
  PRIMARY KEY (`id`)
) ENGINE=InnoDB DEFAULT CHARSET=utf8mb4 COLLATE=utf8mb4_0900_ai_ci;
/*!40101 SET character_set_client = @saved_cs_client */;

--
-- Dumping data for table `language`
--

LOCK TABLES `language` WRITE;
/*!40000 ALTER TABLE `language` DISABLE KEYS */;
INSERT INTO `language` VALUES (1,'English'),(2,'Russian'),(3,'Mandarin'),(4,'Hindi'),(5,'Spanish'),(6,'Italian'),(7,'Japanese'),(8,'German');
/*!40000 ALTER TABLE `language` ENABLE KEYS */;
UNLOCK TABLES;

--
-- Table structure for table `personality`
--

DROP TABLE IF EXISTS `personality`;
/*!40101 SET @saved_cs_client     = @@character_set_client */;
/*!50503 SET character_set_client = utf8mb4 */;
CREATE TABLE `personality` (
  `id` int NOT NULL AUTO_INCREMENT,
  `personality_type` varchar(45) DEFAULT NULL,
  PRIMARY KEY (`id`)
) ENGINE=InnoDB AUTO_INCREMENT=7 DEFAULT CHARSET=utf8mb4 COLLATE=utf8mb4_0900_ai_ci;
/*!40101 SET character_set_client = @saved_cs_client */;

--
-- Dumping data for table `personality`
--

LOCK TABLES `personality` WRITE;
/*!40000 ALTER TABLE `personality` DISABLE KEYS */;
INSERT INTO `personality` VALUES (1,'aggressive'),(2,'socializer'),(3,'achiever'),(4,'explorer'),(5,'casual'),(6,'thinker');
/*!40000 ALTER TABLE `personality` ENABLE KEYS */;
UNLOCK TABLES;

--
-- Table structure for table `region`
--

DROP TABLE IF EXISTS `region`;
/*!40101 SET @saved_cs_client     = @@character_set_client */;
/*!50503 SET character_set_client = utf8mb4 */;
CREATE TABLE `region` (
  `id` int NOT NULL,
  `region` varchar(45) DEFAULT NULL,
  PRIMARY KEY (`id`)
) ENGINE=InnoDB DEFAULT CHARSET=utf8mb4 COLLATE=utf8mb4_0900_ai_ci;
/*!40101 SET character_set_client = @saved_cs_client */;

--
-- Dumping data for table `region`
--

LOCK TABLES `region` WRITE;
/*!40000 ALTER TABLE `region` DISABLE KEYS */;
INSERT INTO `region` VALUES (1,'Northeast US'),(2,'Midwest US'),(3,'South US'),(4,'Southwest US'),(5,'Northwest US'),(6,'Central Asia'),(7,'East Asia'),(8,'South Asia'),(9,'Southeast Asia'),(10,'Western Asia'),(11,'Europe'),(12,'Africa'),(13,'Australia');
/*!40000 ALTER TABLE `region` ENABLE KEYS */;
UNLOCK TABLES;

--
-- Table structure for table `skill_level`
--

DROP TABLE IF EXISTS `skill_level`;
/*!40101 SET @saved_cs_client     = @@character_set_client */;
/*!50503 SET character_set_client = utf8mb4 */;
CREATE TABLE `skill_level` (
  `id` int NOT NULL,
  `skill_level` varchar(45) DEFAULT NULL,
  PRIMARY KEY (`id`)
) ENGINE=InnoDB DEFAULT CHARSET=utf8mb4 COLLATE=utf8mb4_0900_ai_ci;
/*!40101 SET character_set_client = @saved_cs_client */;

--
-- Dumping data for table `skill_level`
--

LOCK TABLES `skill_level` WRITE;
/*!40000 ALTER TABLE `skill_level` DISABLE KEYS */;
INSERT INTO `skill_level` VALUES (1,'basic'),(2,'casual'),(3,'mid-core'),(4,'hardcore'),(5,'competition level');
/*!40000 ALTER TABLE `skill_level` ENABLE KEYS */;
UNLOCK TABLES;
/*!40103 SET TIME_ZONE=@OLD_TIME_ZONE */;

/*!40101 SET SQL_MODE=@OLD_SQL_MODE */;
/*!40014 SET FOREIGN_KEY_CHECKS=@OLD_FOREIGN_KEY_CHECKS */;
/*!40014 SET UNIQUE_CHECKS=@OLD_UNIQUE_CHECKS */;
/*!40101 SET CHARACTER_SET_CLIENT=@OLD_CHARACTER_SET_CLIENT */;
/*!40101 SET CHARACTER_SET_RESULTS=@OLD_CHARACTER_SET_RESULTS */;
/*!40101 SET COLLATION_CONNECTION=@OLD_COLLATION_CONNECTION */;
/*!40111 SET SQL_NOTES=@OLD_SQL_NOTES */;

-- Dump completed on 2021-02-04 21:21:38
